{"cameraMode":{"drawMode":0,"name":"Shaded","section":"Shading Mode"},"sceneLighting":true,"audioPlay":false,"sceneViewState":{"showFog":true,"showMaterialUpdate":false,"showSkybox":true,"showFlares":true,"showImageEffects":true,"showParticleSystems":true},"in2DMode":false,"pivot":{"x":0.035350169986486438,"y":0.10989487916231156,"z":0.029260072857141496},"rotation":{"x":-0.018486181274056436,"y":0.8554690480232239,"z":-0.5166489481925964,"w":-0.030532652512192727},"size":0.041274845600128177,"orthographic":false}