{"cameraMode":{"drawMode":0,"name":"Shaded","section":"Shading Mode"},"sceneLighting":true,"audioPlay":false,"sceneViewState":{"showFog":true,"showMaterialUpdate":false,"showSkybox":true,"showFlares":true,"showImageEffects":true,"showParticleSystems":true},"in2DMode":false,"pivot":{"x":0.016901493072509767,"y":-3.21840763092041,"z":-6.530233383178711},"rotation":{"x":0.19122351706027986,"y":0.7909740209579468,"z":-0.30616194009780886,"w":0.4940313696861267},"size":5.844832897186279,"orthographic":false}