{"cameraMode":{"drawMode":0,"name":"Shaded","section":"Shading Mode"},"sceneLighting":true,"audioPlay":false,"sceneViewState":{"showFog":true,"showMaterialUpdate":false,"showSkybox":true,"showFlares":true,"showImageEffects":true,"showParticleSystems":true},"in2DMode":false,"pivot":{"x":3.399268627166748,"y":3.3066489696502687,"z":-1.5478515625},"rotation":{"x":0.007378818932920694,"y":0.9883154630661011,"z":-0.14362262189388276,"w":0.050745755434036258},"size":6.268762111663818,"orthographic":false}